11.396.633/0001-87;3A COMPANHIA SECURITIZADORA;TRIPLO A  COMPANHIA SECURITIZADORA;08/03/10;18/12/15;Cancelamento Voluntário - In Cvm 480/09;MOORE STEPHENS LIMA LUCCHESI AUDITORES INDEPENDENTES;60.525.706/0001-07
01.547.749/0001-16;521 PARTICIPAÇOES S.A. - EM LIQUIDAÇÃO EXTRAJUDICIAL;521 PARTICIPAÇÕES S/A;11/07/97;null;null;GRANT THORNTON AUDITORES INDEPENDENTES;10.830.108/0001-65
01.851.771/0001-55;524 PARTICIPAÇOES SA;524 PARTICIPACOES SA;30/05/97;null;null;BKR - LOPES, MACHADO AUDITORES;40.262.602/0001-31
01.919.008/0001-19;525 PARTICIPAÇOES SA;525 PARTICIPACOES SA;16/07/97;30/05/06;Elisão Por Incorporação;DIRECTA AUDITORES;11.245.719/0001-09
92.659.614/0001-06;A J RENNER SA IND E PARTIP;A J RENNER;24/06/69;17/06/98;Atendimento As Normas Da Instr Cvm 03/78;ARTHUR ANDERSEN BIEDERMANN A I;44.038.248/0001-17
02.288.752/0001-25;A.P. PARTICIPAÇOES SA;A.P. PARTICIPAÇÕES S.A.;21/01/98;23/12/04;Atendimento As Normas Da Instrução Cvm Nº 361/02;CANARIM AUDITORES ASSOCIADOS;02.248.211/0001-73
21.649.280/0001-33;ABC DADOS E INFORMATICA SA;ABC COMPUTADORES;03/06/88;05/03/93;Enquadramento Exceções Da Instr. Cvm 03/78;RUHTRA S/C;33.017.310/0001-78
02.258.274/0001-00;ABC SUPERMERCADOS SA;ABC SUPERMERCADOS;27/02/98;17/12/01;Atendimento As Normas Da Instr Cvm 229/95;RUHTRA S/C;33.017.310/0001-78
42.275.727/0001-21;ABC XTAL MICROELETRONICA SA;XTAL;15/09/86;11/09/97;Atendimento As Normas Da Instr Cvm 03/78;PRICEWATERHOUSECOOPERS AUDITORES INDEPENDENTES;61.562.112/0001-20
34.033.779/0001-63;ABN AMRO ARRENDAMENTO MERCANTIL SA;AYMORÉ LEASING;20/12/95;30/09/09;Elisão Por Incorporação;DELOITTE TOUCHE TOHMATSU AUDITORES INDEPENDENTES;49.928.567/0001-11
44.597.052/0001-62;ABRIL SA;ABRIL SA;06/05/94;21/12/99;Atendimento As Normas Da Instr Cvm 229/95;RUHTRA S/C;33.017.310/0001-78
07.794.351/0001-60;ABYARA PLANEJAMENTO IMOBILIÁRIO S/A;ABYARA;24/07/06;28/05/10;Cancelamento Voluntário - In Cvm 480/09;TERCO AUDITORES INDEPENDENTES - SOCIEDADE SIMPLES;00.326.016/0001-99
09.414.761/0001-64;ACCIONA CONCESSÕES-RODOVIA DO AÇO SA;ACCIONA CONCESSÕES-RODOVIA DO AÇO SA;29/03/11;null;null;BOUCINHAS, CAMPOS & CONTI AUDITORES INDEPENDENTES S/S;62.650.403/0001-33
18.451.005/0001-04;ACOPALMA CIA INDL ACOS V PALMA;ACOPALMA CIA INDL ACOS V PALMA;09/05/78;07/08/07;Cancelamento De Ofício C/Base Instr. Cvm 287/98;WALTER HEUER AUDITORES INDEPENDENTES;61.411.393/0001-10
61.150.660/0001-43;ACOS ANHANGUERA SA;ANHANGUERA;20/10/71;09/02/94;Elisão Por Incorporação;RUHTRA S/C;33.017.310/0001-78
60.890.688/0001-54;ACOS DO BRASIL SA IND E COM;ACOS DO BRASIL;16/08/72;14/12/89;Enquadramento Exceções Da Instr. Cvm 03/78;DELOITTE TOUCHE TOHMATSU AUDITORES INDEPENDENTES;49.928.567/0001-11
92.767.409/0001-56;AÇOS FINOS PIRATINI S/A;PIRATINI;21/07/94;05/09/95;Elisão Por Incorporação;ARTHUR ANDERSEN BIEDERMANN A I;44.038.248/0001-17
60.852.316/0001-33;ACOS IPANEMA (VILLARES) SA;ACOS IPANEMA;20/10/77;11/01/93;Elisão Por Incorporação;ROBERTO DREYFUSS & CIA SC;60.815.016/0001-84
60.664.810/0001-74;AÇOS VILLARES SA;ACOS VILLARES;16/05/69;30/12/10;Elisão Por Incorporação;DELOITTE TOUCHE TOHMATSU AUDITORES INDEPENDENTES;49.928.567/0001-11
13.546.353/0001-33;ACRINOR ACRILONITRILA DO NE SA;ACRINOR;23/12/81;21/02/00;Atendimento As Normas Da Instr Cvm 229/95;ERNST & YOUNG AUDITORES INDEPENDENTES S/S;61.366.936/0001-25
07.825.881/0001-29;ACRUX SECURITIZADORA S/A;ACRUX SECURITIZADORA S/A;09/08/06;04/02/16;Cancelamento Voluntário - In Cvm 480/09;MANDARINO & ASSOCIADOS AUDITORES;05.502.678/0001-96
02.808.627/0001-07;ACTORI PARTICIPAÇÕES SA;ACTORI PARTICIPAÇÕES S.A.;09/12/98;24/04/02;Atendimento As Normas Da Instr Cvm 229/95;PRICEWATERHOUSECOOPERS AUDITORES INDEPENDENTES;61.562.112/0001-20
47.080.619/0001-17;AÇUCAR GUARANI S/A;AÇUCAR GUARANI S/A;20/07/07;13/08/10;Cancelamento Voluntário - In Cvm 480/09;DELOITTE TOUCHE TOHMATSU AUDITORES INDEPENDENTES;49.928.567/0001-11
43.631.183/0001-56;ADEPAR ASSESSORIA ADM SERV SA;IOCHPE ARREND MERC;14/04/81;02/08/89;Atendimento As Normas Da Instr Cvm 03/78;PRICEWATERHOUSECOOPERS AUDITORES INDEPENDENTES;61.562.112/0001-20
11.029.808/0001-18;ADESENE ADESIVOS NO NORDESTE SA;ADESENE;10/12/74;09/08/05;Cancelamento De Ofício C/Base Instr. Cvm 287/98;null;null
17.157.215/0001-13;ADUBOS VIANNA SA INDUSTRIA E COMERCIO;ADUBOS VIANNA;22/09/69;20/12/05;Cancelamento De Ofício C/Base Instr. Cvm 287/98;ECOPAL AUDITORES INDEPENDENTES;43.342.997/0001-70
10.345.009/0001-98;ADVANCED DIGITAL HEALTH MEDICINA PREVENTIVA S.A.;HUB COSMÉTICOS S.A.;24/06/09;null;null;PRICEWATERHOUSECOOPERS AUDITORES INDEPENDENTES;61.562.112/0001-20
08.827.501/0001-58;AEGEA SANEAMENTO E PARTICIPAÇÕES S.A.;AEGEA SANEAMENTO E PARTICIPAÇÕES S.A.;21/05/14;null;null;KPMG AUDITORES INDEPENDENTES;57.755.217/0001-29
33.037.169/0001-75;AEROFOTO CRUZEIRO SA;AEROFOTO CRUZEIRO;20/07/77;01/12/92;Atendimento As Normas Da Instr Cvm 03/78;WALTER HEUER AUDITORES INDEPENDENTES;61.411.393/0001-10
01.917.705/0001-30;AES ELPA SA;AES ELPA;14/10/02;null;null;ERNST & YOUNG AUDITORES INDEPENDENTES S/S;61.366.936/0001-25
04.128.563/0001-10;AES TIETÊ ENERGIA S.A;CIA BRASILIANA DE ENERGIA;29/06/01;null;null;ERNST & YOUNG AUDITORES INDEPENDENTES S/S;61.366.936/0001-25
02.998.609/0001-27;AES TIETE SA;AES TIETE SA;14/07/99;31/12/15;Elisão Por Incorporação;ERNST & YOUNG AUDITORES INDEPENDENTES S/S;61.366.936/0001-25
02.808.481/0001-91;AETATIS SECURITIZADORA S.A.;AETATIS SECURITIZADORA;17/12/98;24/06/16;Cancelamento Voluntário - In Cvm 480/09;ERNST & YOUNG AUDITORES INDEPENDENTES S/S;61.366.936/0001-25
07.620.094/0001-40;AFLUENTE GERAÇÃO DE ENERGIA ELÉTRICA S.A.;AFLUENTE G;12/07/06;null;null;ERNST & YOUNG AUDITORES INDEPENDENTES S/S;61.366.936/0001-25
10.338.320/0001-00;AFLUENTE TRANSMISSÃO DE ENERGIA ELETRICA S/A;AFLUENTE TRANSMISSÃO DE ENERGIA ELETRICA S/A;24/09/10;null;null;ERNST & YOUNG AUDITORES INDEPENDENTES S/S;61.366.936/0001-25
61.573.796/0001-66;AGF BRASIL SEGUROS SA;AGF BRASIL SEGUROS;09/04/85;30/05/05;Atendimento As Normas Da Instrução Cvm Nº 361/02;KPMG AUDITORES INDEPENDENTES;57.755.217/0001-29
33.058.793/0001-59;AGGS INDS GRAFICAS SA;AGGS INDS GRAFICAS;14/05/71;04/05/87;Elisão Por Incorporação;GUILHERME HERZOG FILHO;00.033.461/5207-30
61.442.752/0001-05;AGIP DISTRIBUIDORA SA;CIA PETR SAO PAULO;10/10/75;14/01/00;Atendimento As Normas Da Instr Cvm 229/95;RUHTRA S/C;33.017.310/0001-78
07.698.047/0001-10;AGRA EMPREENDIMENTOS IMOBILIÁRIOS S/A;AGRA EMPREENDIMENTOS IMOBILIÁRIOS S/A;19/04/07;28/05/10;Cancelamento Voluntário - In Cvm 480/09;TERCO AUDITORES INDEPENDENTES - SOCIEDADE SIMPLES;00.326.016/0001-99
88.610.324/0001-92;AGRALE SA;AGRALE;20/07/77;26/06/00;Atendimento As Normas Da Instr Cvm 229/95;ARTHUR ANDERSEN BIEDERMANN A I;44.038.248/0001-17
11.040.082/0001-14;AGRE EMPREENDIMENTOS IMOBILIÁRIOS SA;AGRE EMPREENDIMENTOS IMOBILIÁRIOS SA;22/12/09;19/07/10;Cancelamento Voluntário - In Cvm 480/09;TERCO AUDITORES INDEPENDENTES - SOCIEDADE SIMPLES;00.326.016/0001-99
88.070.990/0001-85;AGRILEASING SA ARREND MERC;AGRILEASING;24/01/83;30/09/85;Atendimento As Normas Da Instr Cvm 03/78;null;null
09.378.563/0001-92;AGRO PASTORIL CARIRI SA CARIRISA;CARIRISA;20/07/77;09/08/05;Cancelamento De Ofício C/Base Instr. Cvm 287/98;null;null
21.444.765/0001-90;AGRONORTE SA;AGRONORTE;20/07/77;20/12/05;Cancelamento De Ofício C/Base Instr. Cvm 287/98;WALTER HEUER AUDITORES INDEPENDENTES;61.411.393/0001-10
03.143.716/0001-36;AGROPECUARIA TAMAKAVY SA;TAMAKAVY;16/09/83;25/02/88;Enquadramento Exceções Da Instr. Cvm 03/78;PAES DE MENEZES AUD INDEP SC;54.640.412/0001-15
04.089.570/0001-50;AGUAS GUARIROBA S.A.;AGUAS GUARIROBA S.A;06/08/14;null;null;KPMG AUDITORES INDEPENDENTES;57.755.217/0001-29
09.594.796/0001-22;AGV HOLDING S/A;AGV HOLDING S/A;05/11/09;10/03/14;Cancelamento Voluntário - In Cvm 480/09;PRICEWATERHOUSECOOPERS AUDITORES INDEPENDENTES;61.562.112/0001-20
60.830.296/0001-08;AIR LIQUIDE;OXIGENIO DO BRASIL;17/09/70;19/11/98;Atendimento As Normas Da Instr Cvm 229/95;ERNST & YOUNG AUDITORES INDEPENDENTES S/S;61.366.936/0001-25
56.994.791/0001-77;AL-CAR EMPREENDIMENTOS E PARTICIPAÇÕES SA;AL-CAR EMPREENDIMENTOS E PARTICIPAÇÕES;27/11/98;13/11/07;Cancelamento De Ofício C/Base Instr. Cvm 287/98;TRÍADE AUDITORES INDEPENDENTES;60.902.798/0001-99
02.783.422/0001-06;ALBAE PARTICIPACOES SA;ALBAE PARTICIPACÕES S.A.;10/12/98;15/05/02;Atendimento As Normas Da Instr Cvm 229/95;PRICEWATERHOUSECOOPERS AUDITORES INDEPENDENTES;61.562.112/0001-20
57.912.396/0001-60;ALBATROZ SA;ALBATROZ SA;05/11/87;27/12/90;Enquadramento Exceções Da Instr. Cvm 03/78;DELOITTE TOUCHE TOHMATSU AUDITORES INDEPENDENTES;49.928.567/0001-11
08.240.673/0001-20;ALCALIS RIO GRANDE DO NORTE SA;ALCALIS;28/07/95;04/01/10;Cancelamento De Ofício - In Cvm 480/09;ANDRÉ LUIZ TINOCO DE SÁ;00.063.091/6667-00
60.561.800/0001-03;ALCAN ALUMINIO DO BRASIL SA;ALCAN;11/11/83;28/07/87;Atendimento As Normas Da Instr Cvm 03/78;PRICEWATERHOUSECOOPERS AUDITORES INDEPENDENTES;61.562.112/0001-20
23.637.697/0001-01;ALCOA ALUMINIO SA;ALCOA ALUMINIO;20/10/81;19/10/93;Enquadramento Exceções Da Instr. Cvm 03/78;ARTHUR ANDERSEN BIEDERMANN A I;44.038.248/0001-17
02.217.319/0001-07;ALEF SA;ALEF S/A;08/12/97;null;null;BKR - LOPES, MACHADO AUDITORES;40.262.602/0001-31
17.167.396/0001-69;ALFA HOLDINGS SA;ALFA HOLDINGS;20/07/77;null;null;KPMG AUDITORES INDEPENDENTES;57.755.217/0001-29
15.167.984/0001-77;ALFA NORDESTE SA INDUSTRIA DO VESTUARIO;ALFRED NORDESTE;17/11/80;13/11/07;Cancelamento De Ofício C/Base Instr. Cvm 287/98;BOCK & CIA  AUDITORES S/C;87.729.190/0001-60
92.689.173/0001-87;ALFRED SA COMERCIO DO VESTUARIO;LOJAS ALFRED;22/01/82;09/08/05;Cancelamento De Ofício C/Base Instr. Cvm 287/98;BOCK & CIA  AUDITORES S/C;87.729.190/0001-60
71.208.516/0001-74;ALGAR TELECOM S/A;CTBC TELECOM;27/07/07;null;null;ERNST & YOUNG AUDITORES INDEPENDENTES S/S;61.366.936/0001-25
06.082.980/0001-03;ALIANSCE SHOPPING CENTERS S/A;ALIANSCE;18/01/08;null;null;PRICEWATERHOUSECOOPERS AUDITORES INDEPENDENTES;61.562.112/0001-20
02.997.713/0001-05;ALIMENTA PARTICIPAÇÕES E SERVIÇOS SA;ALIMENTA PARTICIPAÇÕES E SERVIÇOS S.A.;26/05/99;10/11/03;Elisão Por Liquidação;DELOITTE TOUCHE TOHMATSU AUDITORES INDEPENDENTES;49.928.567/0001-11
33.826.637/0001-90;ALIPAR ALIMENTOS E PARTS SA;ALIPAR;28/12/92;27/09/95;Atendimento As Normas Da Instr Cvm 03/78;KPMG AUDITORES INDEPENDENTES;57.755.217/0001-29
02.783.425/0001-40;ALIUM PARTICIPAÇÕES SA;ALIUM PARTICIPACOES;10/12/98;31/08/11;Cancelamento Voluntário - In Cvm 480/09;BKR - LOPES, MACHADO AUDITORES;40.262.602/0001-31
24.962.466/0001-36;ALL - AMÉRICA LATINA LOGÍSTICA MALHA NORTE S.A.;ALL - AMÉRICA LATINA LOGÍSTICA MALHA NORTE S.A.;27/12/95;null;null;ERNST & YOUNG AUDITORES INDEPENDENTES S/S;61.366.936/0001-25
39.115.514/0001-28;ALL - AMÉRICA LATINA LOGÍSTICA MALHA OESTE S.A.;ALL - AMÉRICA LATINA LOGÍSTICA MALHA OESTE S.A.;20/10/98;null;null;ERNST & YOUNG AUDITORES INDEPENDENTES S/S;61.366.936/0001-25
02.502.844/0001-66;ALL - AMÉRICA LATINA LOGÍSTICA MALHA PAULISTA S.A.;ALL - AMÉRICA LATINA LOGÍSTICA MALHA PAULISTA S.A.;12/11/98;null;null;ERNST & YOUNG AUDITORES INDEPENDENTES S/S;61.366.936/0001-25
01.258.944/0001-26;ALL - AMÉRICA LATINA LOGÍSTICA MALHA SUL S.A.;ALL - AMÉRICA LATINA LOGÍSTICA MALHA SUL S.A.;29/08/96;null;null;ERNST & YOUNG AUDITORES INDEPENDENTES S/S;61.366.936/0001-25
08.648.295/0001-19;ALLIS PARTICIPAÇÕES S.A.;ALLIS S.A.;02/07/07;26/08/15;Cancelamento Voluntário - In Cvm 480/09;PRICEWATERHOUSECOOPERS AUDITORES INDEPENDENTES;61.562.112/0001-20
18.012.393/0001-19;ALMEC INDUSTRIAS MECANICA SA;ALMEC;03/01/75;22/03/05;Cancelamento De Ofício C/Base Instr. Cvm 287/98;null;null
61.079.117/0001-05;ALPARGATAS SA;ALPARGATAS;20/07/77;null;null;ERNST & YOUNG AUDITORES INDEPENDENTES S/S;61.366.936/0001-25
47.848.684/0001-40;ALPART ALPA PARTICIPACOES SA;ALPART;03/09/82;19/10/89;Atendimento As Normas Da Instr Cvm 03/78;ETAE AUDITORES INDEPENDENTES;47.207.295/0001-35
87.819.926/0001-91;ALPINA BRASIL SA MAQ IMP AGRIC;ALPINA DO BRASIL;20/08/76;09/08/05;Cancelamento De Ofício C/Base Instr. Cvm 287/98;ROBERTO DREYFUSS & CIA SC;60.815.016/0001-84
49.705.528/0001-55;ALPLAN SA IND COM CH MAD AGLOM;ALPLAN;02/12/82;02/08/89;Elisão Por Incorporação;KPMG AUDITORES INDEPENDENTES;57.755.217/0001-29
02.282.923/0001-09;ALTA - AMER.LAT.TELEC.AVANÇADAS S/A;ALTA-TELECOM;11/05/98;29/12/03;Atendimento As Normas Da Instrução Cvm Nº 361/02;BKR - LOPES, MACHADO AUDITORES;40.262.602/0001-31
02.783.423/0001-50;ALTERE SECURITIZADORA S.A.;ALTERE SECURITIZADORA S/A;10/12/98;null;null;PHD PARTNERS AUDITORES INDEPENDENTES S/S;12.085.383/0001-27
92.859.974/0001-43;ALTUS SISTEMA DE AUTOMAÇÃO S.A.;ALTUS SISTEMA DE AUTOMAÇÃO S.A.;02/07/13;null;null;PRICEWATERHOUSECOOPERS AUDITORES INDEPENDENTES;61.562.112/0001-20
10.886.893/0001-78;ALUMINIO EXTRUSAO LAMINACAO;ASA ALUMINIO;12/12/79;30/01/97;Elisão Por Liquidação;BKR - LOPES, MACHADO AUDITORES;40.262.602/0001-31
08.364.948/0001-38;ALUPAR INVESTIMENTO S/A;ALUPAR INVESTIMENTO S/A;18/06/08;null;null;KPMG AUDITORES INDEPENDENTES;57.755.217/0001-29
82.998.600/0001-55;ALUSUD ALUMINIO DO SUL SA;ALUSUD;17/12/75;15/05/87;Elisão Por Incorporação;BIANCHESSI & CIA AUDITORES;92.659.986/0001-24
07.196.934/0001-90;ALVORADA CARTOES, CREDITO, FINANCIAMENTO E INVESTIMENTO S/A;BEC;20/07/77;31/05/06;Atendimento As Normas Da Instrução Cvm Nº 361/02;PRICEWATERHOUSECOOPERS AUDITORES INDEPENDENTES;61.562.112/0001-20
96.735.105/0001-68;AMADEO ROSSI SA MET MUNICOES;AMADEO ROSSI SA METALÚRGICA E MUNIÇÕES;08/12/71;18/09/02;Atendimento As Normas Da Instr Cvm 229/95;MARTINELLI AUDITORES;79.370.466/0001-39
02.036.227/0001-12;AMARANTE PARTICIPACOES SA;AMARANTE PARTICIPACO;26/02/98;20/06/00;Atendimento As Normas Da Instr Cvm 229/95;BOUCINHAS, CAMPOS & CONTI AUDITORES INDEPENDENTES S/S;62.650.403/0001-33
47.959.697/0001-96;AMAZONAS PRODS P CALCADOS SA;AMAZONAS CALCADOS;28/02/83;15/06/88;Atendimento As Normas Da Instr Cvm 03/78;ADNER AUDITORIA E PLANEJAMENTO S/S;60.745.445/0001-22
02.340.278/0001-33;AMAZONIA CELULAR S/A;AMAZÔNIA CELULAR;06/05/98;09/03/09;Elisão Por Incorporação;DELOITTE TOUCHE TOHMATSU AUDITORES INDEPENDENTES;49.928.567/0001-11
07.526.557/0001-00;AMBEV S.A.;AMBEV S.A;30/10/13;null;null;PRICEWATERHOUSECOOPERS AUDITORES INDEPENDENTES;61.562.112/0001-20
57.009.078/0001-94;AMELCO SA IND ELETRONICA;AMELCO;23/05/86;21/07/03;Atendimento As Normas Da Instrução Cvm Nº 361/02;PADRAO AUDITORIA S/S;67.185.280/0001-20
44.081.677/0001-77;AMERICA DO SUL LEAS SA ARR MER;AMER DO SUL LEASING;28/09/82;02/03/00;Atendimento As Normas Da Instr Cvm 229/95;RUHTRA S/C;33.017.310/0001-78
01.223.522/0001-15;AMERICAS EMPRS ARTISTICOS SA;ROCK IN RIO CAFÉ LTDA;19/08/96;18/03/08;Cancelamento De Ofício C/Base Instr. Cvm 287/98;BKR - LOPES, MACHADO AUDITORES;40.262.602/0001-31
01.685.903/0001-16;AMERICEL SA;AMERICEL;26/03/97;04/09/12;Cancelamento Voluntário - In Cvm 480/09;DIRECTA AUDITORES;11.245.719/0001-09
36.461.242/0001-20;AMIL PARTICIPAÇÕES S/A;AMIL PARTICIPAÇÕES S/A;24/10/07;09/05/13;Cancelamento Voluntário - In Cvm 480/09;TERCO AUDITORES INDEPENDENTES - SOCIEDADE SIMPLES;00.326.016/0001-99
33.050.071/0001-58;AMPLA ENERGIA E SERVIÇOS S.A.;AMPLA;15/08/69;null;null;BDO RCS AUDITORES INDEPENDENTES - SOCIEDADE SIMPLES;54.276.936/0001-79
07.809.905/0001-56;AMPLA INVESTIMENTOS E SERVIÇOS S/A;AMPLA INVESTIMENTOS E SERVIÇOS S/A;27/07/06;23/05/12;Cancelamento Voluntário - In Cvm 480/09;DELOITTE TOUCHE TOHMATSU AUDITORES INDEPENDENTES;49.928.567/0001-11
40.430.571/0001-80;ANCAR EMPREENDIMENTOS COMERCIAIS S/A;ANCAR EMPREENDIMENTOS COMERCIAIS S/A;26/02/02;18/12/06;Atendimento As Normas Da Instrução Cvm Nº 361/02;ERNST & YOUNG AUDITORES INDEPENDENTES S/S;61.366.936/0001-25
00.979.769/0001-01;ANCAR SHOPPING SA;ANCAR;11/01/96;30/11/01;Elisão Por Incorporação;RUHTRA S/C;33.017.310/0001-78
76.491.661/0001-29;ANCORA COMERCIAL SA;ANCORA COMERCIAL;20/07/77;26/05/89;Elisão Por Incorporação;BIANCHESSI & CIA AUDITORES;92.659.986/0001-24
60.503.232/0001-94;ANDERSON CLAYTON SA IND E COM;ANDERSON CLAYTON;20/07/77;23/12/87;Elisão Por Incorporação;PRICEWATERHOUSECOOPERS AUDITORES INDEPENDENTES;61.562.112/0001-20
03.601.314/0001-38;ANDRADE GUTIERREZ CONCESSOES SA;AGCONCESSOES;01/09/03;null;null;KPMG AUDITORES INDEPENDENTES;57.755.217/0001-29
04.031.960/0001-70;ANDRADE GUTIERREZ PARTICIPAÇÕES SA;CANTAROS PARTICIPAÇÕES S.A.;29/10/01;null;null;KPMG AUDITORES INDEPENDENTES;57.755.217/0001-29
04.310.392/0001-46;ANHANGUERA EDUCACIONAL PARTICIPAÇÕES S.A.;ANHANGUERA EDUCACIONAL PARTICIPAÇÕES S.A.;08/06/01;08/10/14;Cancelamento Voluntário - In Cvm 480/09;KPMG AUDITORES INDEPENDENTES;57.755.217/0001-29
60.661.451/0001-00;ANSON SA ENG FUND RECUPERACOES;ANSON;15/07/85;02/04/86;Cancelamento Oficio Com Base Instr. Cvm 29/84;null;null
12.130.744/0001-00;ÁPICE SECURITIZADORA S.A.;ÁPICE SECURITIZADORA S.A.;25/11/10;null;null;GRANT THORNTON AUDITORES INDEPENDENTES;10.830.108/0001-65
33.017.088/0001-03;APOLO PRODUTOS DE ACO SA;APOLO;09/07/71;30/10/90;Enquadramento Exceções Da Instr. Cvm 03/78;BOUCINHAS, CAMPOS & CONTI AUDITORES INDEPENDENTES S/S;62.650.403/0001-33
11.197.023/0001-54;AQUA-RIO S/A;AQUA-RIO S/A;26/07/10;26/06/12;Cancelamento Voluntário - In Cvm 480/09;KPMG AUDITORES INDEPENDENTES;57.755.217/0001-29
45.169.000/0001-58;AQUATEC QUIMICA SA;AQUATEC;17/12/85;09/01/07;Cancelamento De Ofício C/Base Instr. Cvm 287/98;MERITO AUDITORES INDEPENDENTES;47.860.515/0001-25
09.439.783/0001-89;ÁQUILLA SECURITIZADORA SA;ÁQUILLA SECURITIZADORA SA;24/06/08;null;null;BKR - LOPES, MACHADO AUDITORES;40.262.602/0001-31
15.914.972/0001-69;AR CAPITAL SECURITIES COMPANHIA SECURITIZADORA S.A.;AUREA SECURITIES COMPANHIA SECURITIZADORA S.A.;05/09/12;null;null;AUDCORP AUDITORIA E ASSESSORIA S/S;06.958.674/0001-80
42.157.511/0001-61;ARACRUZ CELULOSE S/A;ARACRUZ CELULOSE SA;05/02/80;31/12/09;Elisão Por Incorporação;DELOITTE TOUCHE TOHMATSU AUDITORES INDEPENDENTES;49.928.567/0001-11
17.805.110/0001-23;ARAFERTIL SA;ARAFERTIL;26/08/82;13/01/89;Atendimento As Normas Da Instr Cvm 03/78;SOTEC AUD AUDITORES INDEP SC;60.614.377/0001-62
02.517.787/0001-99;ARAGUAIA CIA INDL DE PROD ALIM;ARAGUAIA;29/11/73;05/06/87;Cancelamento Oficio Com Base Instr. Cvm 29/84;ALMADA RODRIGUES & AUD ASSOC;34.053.611/0001-10
01.543.362/0001-91;ARAGUAIA SA MIN RACOES FERTIL;ARAGUAIA;29/04/87;05/07/88;Enquadramento Hipótese Estab P/ Coml Em 29/10/79;AICA AUDT INDEP CONS ASSER SC;28.004.075/0001-60
76.516.921/0001-73;ARAPUA IMPORTACAO COMERCIO SA;PROSDOCIMO;20/07/77;10/10/96;Elisão Por Incorporação;KPMG AUDITORES INDEPENDENTES;57.755.217/0001-29
03.616.277/0001-31;ARAUCÁRIA PARTICIPAÇÕES SA;ARAUCÁRIA PARTICIPAÇÕES SA;18/04/00;14/11/14;Cancelamento Voluntário - In Cvm 480/09;BKR - LOPES, MACHADO AUDITORES;40.262.602/0001-31
00.237.000/0001-00;ARBRA SA;ARBRA SA;20/02/95;16/01/03;Atendimento As Normas Da Instrução Cvm Nº 361/02;ACAL CONSULTORIA E AUDITORIA S/S;28.005.734/0001-82
24.315.012/0001-73;ARCELOR BRASIL S.A.;ARCELOR BRASIL;19/12/69;15/06/07;Atendimento As Normas Da Instrução Cvm Nº 361/02;KPMG AUDITORES INDEPENDENTES;57.755.217/0001-29
33.390.170/0001-89;ARCELORMITTAL INOX BRASIL S.A.;ARCELORMITTAL INOX BRASIL S.A.;22/12/71;24/04/08;Atendimento As Normas Da Instrução Cvm Nº 361/02;KPMG AUDITORES INDEPENDENTES;57.755.217/0001-29
92.660.158/0001-06;ARCON SA IND ELETROMETALURGICA;ARCON METALURGICA;05/08/68;03/12/87;Enquadramento Exceções Da Instr. Cvm 03/78;MOREIRA AUDITORES BRAS ASSOC;92.697.556/0001-05
02.036.233/0001-70;ARDOSIA PARTICIPACOES SA;ARDOSIA PARTICIPACOE;26/02/98;24/11/00;Atendimento As Normas Da Instr Cvm 229/95;BOUCINHAS, CAMPOS & CONTI AUDITORES INDEPENDENTES S/S;62.650.403/0001-33
16.590.234/0001-76;AREZZO INDÚSTRIA E COMERCIO S/A;AREZZO INDÚSTRIA E COMERCIO S/A;31/01/11;null;null;PRICEWATERHOUSECOOPERS AUDITORES INDEPENDENTES;61.562.112/0001-20
02.036.220/0001-09;ARGENTUM PARTICIPACOES SA;ARGENTUM;12/02/98;20/06/00;Atendimento As Normas Da Instr Cvm 229/95;BOUCINHAS, CAMPOS & CONTI AUDITORES INDEPENDENTES S/S;62.650.403/0001-33
02.605.028/0001-88;ARGOLIS HOLDINGS S.A.;TECHOLD PARTICIPAÇÕES S.A.;20/07/98;30/06/08;Elisão Por Incorporação;TERCO AUDITORES INDEPENDENTES - SOCIEDADE SIMPLES;00.326.016/0001-99
02.992.440/0001-06;ARGOLIS PARTICIPAÇÕES S/A;ARGOLIS PARTICIPAÇÕES S/A;21/06/99;18/04/08;Elisão Por Incorporação;DIRECTA AUDITORES;11.245.719/0001-09
15.109.747/0001-50;ARMAZENS GERAIS EMPR UNIAO SA;ARMAZENS UNIAO;20/07/77;08/03/91;Elisão Por Incorporação;PRICEWATERHOUSECOOPERS AUDITORES INDEPENDENTES;61.562.112/0001-20
61.064.978/0001-01;ARNO SA;ARNO;23/09/68;16/05/00;Atendimento As Normas Da Instr Cvm 229/95;PRICEWATERHOUSECOOPERS AUDITORES INDEPENDENTES;61.562.112/0001-20
10.976.124/0001-60;ARTEFATOS PAPEL NE SA ARTEPE;ARTEPE;30/12/70;05/11/86;Elisão Por Liquidação;null;null
02.919.555/0001-67;ARTERIS S.A.;ARTERIS;06/07/05;null;null;DELOITTE TOUCHE TOHMATSU AUDITORES INDEPENDENTES;49.928.567/0001-11
92.189.356/0001-33;ARTHUR LANGE SA IND E COM;ARTHUR LANGE;20/07/77;04/01/11;Cancelamento De Ofício - In Cvm 480/09;V. L. CARDOSO & CIA - AUDITORES INDEPENDENTES;04.816.686/0001-44
33.319.617/0001-23;ASBERIT SA;ASBERIT;24/02/81;18/03/86;Atendimento As Normas Da Instr Cvm 03/78;null;null
04.944.815/0001-80;ASO METAL SA;ASO METAL;27/04/70;06/07/92;Atendimento As Normas Da Instr Cvm 03/78;REYNALDO DE SOUZA MELLO;00.000.769/4952-49
13.720.918/0001-57;ATIVOS BRASILEIROS S.A.;ATIVOS BRASILEIROS S.A.;10/08/12;07/01/16;Cancelamento De Ofício - In Cvm 480/09;PARANÁ AUDITORES ASSOCIADOS S/S;68.720.242/0001-93
02.445.817/0001-07;ATL - ALGAR TELECOM LESTE S.A.;ATL;13/05/99;10/07/03;Atendimento As Normas Da Instrução Cvm Nº 361/02;ERNST & YOUNG AUDITORES INDEPENDENTES S/S;61.366.936/0001-25
01.431.728/0001-30;ATLÂNTICA EMPREEND.IMOBILIÁRIOS S/A;ATLÃNTICA EMP.;03/12/98;09/12/02;Atendimento As Normas Da Instrução Cvm Nº 361/02;KPMG AUDITORES INDEPENDENTES;57.755.217/0001-29
12.610.165/0001-64;ATLETAS BRASILEIROS S/A;ATLETAS BRASILEIROS S/A;03/09/12;null;null;MÜLLER & PREI AUDITORES INDEPENDENTES S/S;12.018.605/0001-99
61.510.996/0001-70;ATMA SA;ATMA;19/08/70;22/03/05;Cancelamento De Ofício C/Base Instr. Cvm 287/98;MOORE CROSS AUDITORES INDEP SC;61.357.661/0001-63
00.886.257/0001-92;ATMOSFERA GESTÃO E HIGIENIZAÇÃO DE TÊXTEIS SA;ATMOSFERA GESTÃO E HIGIENIZAÇÃO DE TÊXTEIS SA;03/04/07;20/04/09;Atendimento As Normas Da Instrução Cvm Nº 361/02;DELOITTE TOUCHE TOHMATSU AUDITORES INDEPENDENTES;49.928.567/0001-11
00.359.742/0001-08;ATOM PARTICIPAÇÕES S.A.;ATOM PARTICIPAÇÕES S.A.;28/02/96;null;null;BDO RCS AUDITORES INDEPENDENTES - SOCIEDADE SIMPLES;54.276.936/0001-79
03.453.981/0001-10;AUFERVILLE TRUST SA;AUFERVILLE TRUST;26/01/00;18/03/08;Cancelamento De Ofício C/Base Instr. Cvm 287/98;ERNST & YOUNG AUDITORES INDEPENDENTES S/S;61.366.936/0001-25
00.160.436/0001-48;AUSTRAL INVESTIMENTOS SA;AUSTRAL;02/12/94;13/01/03;Atendimento As Normas Da Instrução Cvm Nº 361/02;ACAL CONSULTORIA E AUDITORIA S/S;28.005.734/0001-82
47.709.365/0001-53;AUTEL SA TELECOMUNICAÇOES;AUTEL;30/05/94;07/08/07;Cancelamento De Ofício C/Base Instr. Cvm 287/98;PAIVA AUDITORES INDEPENDENTES;02.694.572/0001-43
59.104.513/0001-95;AUTOMETAL S/A;AUTOMETAL S/A;03/02/11;14/10/14;Cancelamento Voluntário - In Cvm 480/09;PRICEWATERHOUSECOOPERS AUDITORES INDEPENDENTES;61.562.112/0001-20
09.326.342/0001-70;AUTOPISTA FERNÃO DIAS SA;AUTOPISTA FERNÃO DIAS SA;29/03/10;null;null;BDO RCS AUDITORES INDEPENDENTES - SOCIEDADE SIMPLES;54.276.936/0001-79
09.324.949/0001-11;AUTOPISTA FLUMINENSE SA;AUTOPISTA FLUMINENSE SA;29/03/10;null;null;BDO RCS AUDITORES INDEPENDENTES - SOCIEDADE SIMPLES;54.276.936/0001-79
09.313.969/0001-97;AUTOPISTA LITORAL SUL;AUTOPISTA LITORAL SUL;29/03/10;null;null;BDO RCS AUDITORES INDEPENDENTES - SOCIEDADE SIMPLES;54.276.936/0001-79
09.325.109/0001-73;AUTOPISTA PLANALTO SUL SA;AUTOPISTA PLANALTO SUL SA;29/03/10;null;null;BDO RCS AUDITORES INDEPENDENTES - SOCIEDADE SIMPLES;54.276.936/0001-79
09.336.431/0001-06;AUTOPISTA REGIS BITTENCOURT SA;AUTOPISTA REGIS BITTENCOURT SA;29/03/10;null;null;BDO RCS AUDITORES INDEPENDENTES - SOCIEDADE SIMPLES;54.276.936/0001-79
40.281.347/0001-74;AUTOTRAC COMERCIO E TELECOMUNICAÇÕES;AUTOTRAC;04/10/06;03/07/09;Atendimento As Normas Da Instrução Cvm Nº 361/02;DELOITTE TOUCHE TOHMATSU AUDITORES INDEPENDENTES;49.928.567/0001-11
02.679.185/0001-38;AUTOVIAS S/A;AUTOVIAS S/A;27/11/09;null;null;BDO RCS AUDITORES INDEPENDENTES - SOCIEDADE SIMPLES;54.276.936/0001-79
51.996.601/0001-37;AUXILIAR LEASING SA ARR MERC;AUXILIAR LEASING;26/11/81;30/01/91;Elisão Por Incorporação;PEAT MARWICK MITCHELL & CO;61.562.039/0001-97
46.047.288/0001-50;AUXILIAR SA PARTICIPACOES;AUXILIAR PART;20/06/84;09/08/05;Cancelamento De Ofício C/Base Instr. Cvm 287/98;null;null
15.011.696/0001-29;AVAL SECURITIZADORA DE CREDITOS S.A.;AVAL SECURITIZADORA DE CREDITOS S.A.;08/08/16;null;null;AUDIFACTOR AUDITORES INDEPENDENTES S/S;07.037.795/0001-51
54.649.819/0001-03;AVARA SA;AVARA;19/10/71;11/10/89;Atendimento As Normas Da Instr Cvm 03/78;PRICEWATERHOUSECOOPERS AUDITORES INDEPENDENTES;61.562.112/0001-20
61.351.532/0001-68;AZEVEDO & TRAVASSOS SA;AZEVEDO & TRAVASSOS;20/08/84;null;null;BOUCINHAS, CAMPOS & CONTI AUDITORES INDEPENDENTES S/S;62.650.403/0001-33
00.776.574/0001-56;B2W - COMPANHIA DIGITAL;B2W - COMPANHIA DIGITAL;26/07/07;null;null;KPMG AUDITORES INDEPENDENTES;57.755.217/0001-29
15.195.464/0001-78;BACRAFT SA INDUSTRIA DE PAPEL;BACRAFT;20/07/77;12/05/06;Atendimento As Normas Da Instrução Cvm Nº 361/02;DELOITTE TOUCHE TOHMATSU AUDITORES INDEPENDENTES;49.928.567/0001-11
04.781.143/0001-39;BAESA-ENERGETICA BARRA GRANDE SA;BAESA;29/09/04;29/04/16;Cancelamento Voluntário - In Cvm 480/09;PRICEWATERHOUSECOOPERS AUDITORES INDEPENDENTES;61.562.112/0001-20
13.605.696/0001-21;BAHEMA AGROPECUARIA SA;BAHEMA AGROPECUARIA;20/07/77;30/08/91;Enquadramento Exceções Da Instr. Cvm 03/78;PRICEWATERHOUSECOOPERS AUDITORES INDEPENDENTES;61.562.112/0001-20
96.832.365/0001-51;BAHEMA EQUIPAMENTOS SA;BAHEMA EQUIPAMENTOS SA;10/02/99;31/10/03;Atendimento As Normas Da Instrução Cvm Nº 361/02;AUDILINK & CIA. AUDITORES;02.163.575/0001-50
45.987.245/0001-92;BAHEMA SA;BAHEMA;02/01/74;null;null;BKS AUDITORES;01.972.741/0001-05
15.258.023/0001-78;BAHIA OTHON PALACE HOTEL SA;BAHIA OTHON PALACE;30/11/73;26/10/84;Elisão Por Incorporação;null;null
01.554.970/0001-00;BAHIA TRUST DE RECEBIVEIS;BAHIA TRUST;05/02/97;28/10/99;Atendimento As Normas Da Instr Cvm 229/95;PRICEWATERHOUSECOOPERS AUDITORES INDEPENDENTES;61.562.112/0001-20
09.462.852/0001-75;BALADARE PARTICIPAÇÕES S/A;BALADARE PARTICIPAÇÕES S/A;31/07/08;27/05/10;Cancelamento Voluntário - In Cvm 480/09;KPMG AUDITORES ASSOCIADOS;52.803.244/0001-06
76.659.101/0001-30;BAMERINDUS SA CRED IMOBILIARIO;BAMERINDUS IMOB;20/07/77;27/11/87;Atendimento As Normas Da Instr Cvm 03/78;ARTHUR YOUNG AUD ASSOCIADOS SC;43.838.259/0001-19
75.170.076/0001-64;BAMERINDUS SA FINANC CRED INV;BAMERINDUS FCI;20/07/77;09/05/89;Elisão Por Incorporação;ARTHUR YOUNG AUD ASSOCIADOS SC;43.838.259/0001-19
76.543.156/0001-80;BAMERINDUS SA PARTICIPAÇÕES E EMPREENDIMENTOS - EM LIQUIDAÇÃO EXTRAJUDICIAL;BAMERINDUS SA PARTICIPAÇÕES E EMPREENDIMENTOS - EM LIQUIDAÇÃO EXTRAJUDICIAL;20/07/77;09/01/07;Cancelamento De Ofício C/Base Instr. Cvm 287/98;null;null
28.195.667/0001-06;BANCO ABC BRASIL S/A;ABC BRASIL;23/07/07;null;null;ERNST & YOUNG AUDITORES INDEPENDENTES S/S;61.366.936/0001-25
24.986.770/0001-13;BANCO AGRIMISA SA;BCO AGRIMISA;20/07/77;22/03/05;Cancelamento De Ofício C/Base Instr. Cvm 287/98;FERNANDO MOTTA & ASSOCIADOS - AUDITORES INDEPENDENTES;17.508.672/0001-05
60.770.336/0001-65;BANCO ALFA DE INVESTIMENTO SA;ALFA DE INVESTIMENTO;20/07/77;null;null;KPMG AUDITORES INDEPENDENTES;57.755.217/0001-29
33.870.163/0001-84;BANCO ALVORADA S.A.;BANCO BILBAO VIZCAYA ARGENTARIA BRASILSA;02/05/96;28/10/03;Incorporação;KPMG AUDITORES INDEPENDENTES;57.755.217/0001-29
76.543.115/0001-94;BANCO BAMERINDUS BRASIL SA;BCO BAMERINDUS DO BRASIL S.A. - EM LIQUIDAÇÃO EXTRAJUDICIAL;20/07/77;18/07/06;Cancelamento De Ofício C/Base Instr. Cvm 287/98;BAZZANEZE AUDITORES INDEPENDENTES S/S;40.184.046/0001-22
63.090.609/0001-19;BANCO BANDEIRANTES DE INVESTIMENTOS SA;BCO BANDEIRANTES INVESTIMENTOS;20/07/77;31/10/01;Incorporação;DELOITTE TOUCHE TOHMATSU AUDITORES INDEPENDENTES;49.928.567/0001-11
15.142.490/0001-38;BANCO BANEB SA;BANEB;20/07/77;01/12/00;Atendimento As Normas Da Instr Cvm 229/95;PRICEWATERHOUSECOOPERS AUDITORES INDEPENDENTES;61.562.112/0001-20
76.492.172/0001-91;BANCO BANESTADO SA;BANCO BANESTADO;20/07/77;29/08/03;Atendimento As Normas Da Instrução Cvm Nº 361/02;PRICEWATERHOUSECOOPERS AUDITORES INDEPENDENTES;61.562.112/0001-20
10.781.532/0001-67;BANCO BANORTE SA EM LIQUIDAÇÃO EXTRAJUDICIAL;BCO BANORTE;20/07/77;18/07/06;Cancelamento De Ofício C/Base Instr. Cvm 287/98;DIRECTIVOS AUDITORES INDEPENDENTES;11.501.707/0001-06
15.114.366/0001-69;BANCO BBM S.A.;BCO BBM;20/07/77;26/07/93;Enquadramento Exceções Da Instr. Cvm 03/78;PRICEWATERHOUSECOOPERS AUDITORES INDEPENDENTES;61.562.112/0001-20
60.898.723/0001-81;BANCO BCN S.A.;BANCO BCN S.A.;20/07/77;28/07/98;Atendimento As Normas Da Instr Cvm 229/95;PRICEWATERHOUSECOOPERS AUDITORES INDEPENDENTES;61.562.112/0001-20
04.562.120/0001-33;BANCO BEA SA;BANCO BEA;20/07/77;30/01/03;Atendimento As Normas Da Instrução Cvm Nº 361/02;KPMG AUDITORES INDEPENDENTES;57.755.217/0001-29
01.540.541/0001-75;BANCO BEG S.A.;BANCO BEG S.A.;20/07/77;29/08/03;Atendimento As Normas Da Instrução Cvm Nº 361/02;PRICEWATERHOUSECOOPERS AUDITORES INDEPENDENTES;61.562.112/0001-20
61.186.680/0001-74;BANCO BMG SA;BANCO BMG;20/07/77;14/03/94;Enquadramento Exceções Da Instr. Cvm 03/78;PRICEWATERHOUSECOOPERS AUDITORES INDEPENDENTES;61.562.112/0001-20
33.485.541/0001-06;BANCO BOAVISTA INTERATLÂNTICO S.A.;BANCO BOAVISTA INTERATLANTICO SA;20/07/77;08/12/99;Atendimento As Normas Da Instr Cvm 229/95;RUHTRA S/C;33.017.310/0001-78
71.027.866/0001-34;BANCO BONSUCESSO S.A.;BANCO BONSUCESSO S/A;09/07/07;16/10/08;Atendimento As Normas Da Instrução Cvm Nº 361/02;PRICEWATERHOUSECOOPERS AUDITORES INDEPENDENTES;61.562.112/0001-20
06.271.464/0001-19;BANCO BRADESCO BBI S.A.;--;13/11/78;06/08/04;Atendimento As Normas Da Instrução Cvm Nº 361/02;KPMG AUDITORES INDEPENDENTES;57.755.217/0001-29
33.147.315/0001-15;BANCO BRADESCO BERJ S.A.;BERJ;20/07/77;11/06/12;Cancelamento Voluntário - In Cvm 480/09;KPMG AUDITORES INDEPENDENTES;57.755.217/0001-29
60.746.948/0001-12;BANCO BRADESCO S.A.;BANCO BRADESCO S.A.;20/07/77;null;null;KPMG AUDITORES INDEPENDENTES;57.755.217/0001-29
30.306.294/0001-45;BANCO BTG PACTUAL S/A;BANCO UBS PACTUAL S/A;10/11/11;null;null;ERNST & YOUNG AUDITORES INDEPENDENTES S/S;61.366.936/0001-25
33.349.358/0001-83;BANCO CACIQUE SA;CACIQUE CFI;20/07/77;27/12/88;Enquadramento Exceções Da Instr. Cvm 03/78;DIRECTA AUDITORES;11.245.719/0001-09
07.814.999/0001-51;BANCO COMERCIAL BANCESA S.A.;BCO COMERCIAL BANCESA;20/07/77;22/03/05;Cancelamento De Ofício C/Base Instr. Cvm 287/98;ERNST & YOUNG B B SOTEC SC AUD;93.316.289/0001-33
61.230.165/0001-44;BANCO COMERCIAL E DE INVESTIMENTO SUDAMERIS S.A.;BANCO COMERCIAL E DE INVESTIMENTO SUDAMERIS S.A.;20/07/77;24/08/00;Atendimento As Normas Da Instr Cvm 229/95;RUHTRA S/C;33.017.310/0001-78
21.562.962/0001-04;BANCO CREDITO REAL DE MG SA;BANCO CREDITO REAL DE MG;20/07/77;30/06/98;Atendimento As Normas Da Instr Cvm 229/95;RUHTRA S/C;33.017.310/0001-78
52.940.350/0001-31;BANCO CREFISUL S.A.;CREFISUL;20/07/77;09/05/06;Atendimento As Normas Da Instrução Cvm Nº 361/02;AUDILINK & CIA. AUDITORES;02.163.575/0001-50
04.902.979/0001-44;BANCO DA AMAZÔNIA S.A.;BANCO DA AMAZONIA S.A.;20/07/77;null;null;KPMG AUDITORES INDEPENDENTES;57.755.217/0001-29
62.232.889/0001-90;BANCO DAYCOVAL S.A.;DAYCOVAL;27/06/07;null;null;DELOITTE TOUCHE TOHMATSU AUDITORES INDEPENDENTES;49.928.567/0001-11
10.866.788/0001-77;BANCO DE PERNAMBUCO S.A. - BANDEPE;BANCO DE PERNAMBUCO S.A. - BANDEPE;20/07/77;24/03/03;Atendimento As Normas Da Instrução Cvm Nº 361/02;ERNST & YOUNG AUDITORES INDEPENDENTES S/S;61.366.936/0001-25
15.163.587/0001-27;BANCO DESENV ESTADO BAHIA SA;DESENBANCO;20/07/77;04/11/99;Atendimento As Normas Da Instr Cvm 229/95;KPMG AUDITORES INDEPENDENTES;57.755.217/0001-29
00.000.000/0001-91;BANCO DO BRASIL S.A.;BANCO DO BRASIL S.A.;20/07/77;null;null;KPMG AUDITORES INDEPENDENTES;57.755.217/0001-29
03.468.907/0001-78;BANCO DO ESTADO DE MATO GROSSO S.A.;BCO ESTADO MATO GROSSO;17/10/85;09/01/07;Cancelamento De Ofício C/Base Instr. Cvm 287/98;MAION & OLIVEIRA, AUDITORES INDEPENDENTES S/S;34.622.217/0001-55
83.876.003/0001-10;BANCO DO ESTADO DE SANTA CATARINA S/A - BESC;BESC S.A.;20/07/77;30/09/08;Elisão Por Incorporação;KPMG AUDITORES INDEPENDENTES;57.755.217/0001-29
61.411.633/0001-87;BANCO DO ESTADO DE SAO PAULO S.A. - BANESPA;BANESPA;20/07/77;31/08/06;Elisão Por Incorporação;DELOITTE TOUCHE TOHMATSU AUDITORES INDEPENDENTES;49.928.567/0001-11
13.009.717/0001-46;BANCO DO ESTADO DE SERGIPE SA;BANESE;20/07/77;null;null;ERNST & YOUNG AUDITORES INDEPENDENTES S/S;61.366.936/0001-25
04.913.711/0001-08;BANCO DO ESTADO DO PARÁ S/A.;BANPARÁ S.A.;20/07/77;null;null;KPMG AUDITORES ASSOCIADOS;52.803.244/0001-06
06.833.131/0001-36;BANCO DO ESTADO DO PIAUÍ S.A. - BEP;BEP;22/06/78;28/11/08;Elisão Por Incorporação;GLOBAL AUDITORES INDEPENDENTES;03.423.123/0001-23
